{"cameraMode":{"drawMode":0,"name":"Shaded","section":"Shading Mode"},"sceneLighting":true,"audioPlay":false,"sceneViewState":{"m_AlwaysRefresh":false,"showFog":true,"showSkybox":true,"showFlares":true,"showImageEffects":true,"showParticleSystems":true,"showVisualEffectGraphs":true,"m_FxEnabled":true},"in2DMode":false,"pivot":{"x":0.7013295888900757,"y":0.1427343189716339,"z":-1.6291255950927735},"rotation":{"x":-0.01571410335600376,"y":0.4303031861782074,"z":-0.007491773460060358,"w":-0.9025235176086426},"size":0.8391783237457275,"orthographic":false}